"","gene_count","read_count","condition"
"A10_B003776_1ng",2375,120511,"1ng"
"A11_B003776_1ng",3348,408413,"1ng"
"A12_B003776_1ng",6218,677685,"1ng"
"A13_B003776_1ng",2915,399001,"1ng"
"A14_B003776_1ng",2873,269571,"1ng"
"A15_B003776_1ng",7536,996875,"1ng"
"A16_B003776_1ng",1837,126740,"1ng"
"A17_B003776_1ng",6644,635115,"1ng"
"A18_B003776_1ng",4779,415885,"1ng"
"A19_B003776_1ng",4781,529275,"1ng"
"A1_B003776_1ng",6253,1169914,"1ng"
"A20_B003776_1ng",6129,560498,"1ng"
"A21_B003776_1ng",33,18030,"1ng"
"A22_B003776_1ng",3480,179087,"1ng"
"A2_B003776_1ng",2675,246187,"1ng"
"A3_B003776_1ng",4283,545583,"1ng"
"A4_B003776_1ng",346,17328,"1ng"
"A5_B003776_1ng",2757,164846,"1ng"
"A6_B003776_1ng",1567,133563,"1ng"
"A7_B003776_1ng",2657,346779,"1ng"
"A8_B003776_1ng",1578,280853,"1ng"
"A9_B003776_1ng",2782,315388,"1ng"
"B10_B003776_1ng",2943,267333,"1ng"
"B11_B003776_1ng",2876,244015,"1ng"
"B12_B003776_1ng",6956,388497,"1ng"
"B13_B003776_1ng",4948,217265,"1ng"
"B14_B003776_1ng",1340,8511,"1ng"
"B15_B003776_1ng",5386,308078,"1ng"
"B16_B003776_1ng",4801,257017,"1ng"
"B17_B003776_1ng",3215,212096,"1ng"
"B18_B003776_1ng",4143,198351,"1ng"
"B19_B003776_1ng",4701,537999,"1ng"
"B1_B003776_1ng",2025,159562,"1ng"
"B20_B003776_1ng",123,17252,"1ng"
"B21_B003776_1ng",2974,172127,"1ng"
"B22_B003776_1ng",3879,316810,"1ng"
"B2_B003776_1ng",2335,168532,"1ng"
"B3_B003776_1ng",4661,504550,"1ng"
"B4_B003776_1ng",3577,390074,"1ng"
"B5_B003776_1ng",1833,127742,"1ng"
"B6_B003776_1ng",4079,341700,"1ng"
"B7_B003776_1ng",393,21387,"1ng"
"B8_B003776_1ng",47,14247,"1ng"
"B9_B003776_1ng",351,17631,"1ng"
"C10_B003776_1ng",2207,103056,"1ng"
"C11_B003776_1ng",24,13480,"1ng"
"C12_B003776_1ng",3101,186465,"1ng"
"C13_B003776_1ng",303,37931,"1ng"
"C14_B003776_1ng",5911,432500,"1ng"
"C15_B003776_1ng",4535,202905,"1ng"
"C16_B003776_1ng",5769,578583,"1ng"
"C17_B003776_1ng",1669,88973,"1ng"
"C18_B003776_1ng",2671,81752,"1ng"
"C19_B003776_1ng",33,15763,"1ng"
"C1_B003776_1ng",1845,235801,"1ng"
"C20_B003776_1ng",4003,271202,"1ng"
"C21_B003776_1ng",6219,622550,"1ng"
"C22_B003776_1ng",2519,330484,"1ng"
"C2_B003776_1ng",411,20529,"1ng"
"C3_B003776_1ng",2271,333184,"1ng"
"C4_B003776_1ng",2278,203274,"1ng"
"C5_B003776_1ng",3403,263578,"1ng"
"C6_B003776_1ng",662,94764,"1ng"
"C7_B003776_1ng",3647,290942,"1ng"
"C8_B003776_1ng",4544,599691,"1ng"
"C9_B003776_1ng",336,7313,"1ng"
"D10_B003776_1ng",2163,259967,"1ng"
"D11_B003776_1ng",5466,845913,"1ng"
"D12_B003776_1ng",5188,495764,"1ng"
"D13_B003776_1ng",2563,266901,"1ng"
"D14_B003776_1ng",6445,505513,"1ng"
"D15_B003776_1ng",6329,728395,"1ng"
"D16_B003776_1ng",7457,879855,"1ng"
"D17_B003776_1ng",30,10833,"1ng"
"D18_B003776_1ng",3751,222573,"1ng"
"D19_B003776_1ng",42,16734,"1ng"
"D1_B003776_1ng",2929,262314,"1ng"
"D20_B003776_1ng",4186,283559,"1ng"
"D21_B003776_1ng",1676,7134,"1ng"
"D22_B003776_1ng",5615,545584,"1ng"
"D2_B003776_1ng",1979,385948,"1ng"
"D3_B003776_1ng",5138,1057701,"1ng"
"D4_B003776_1ng",5364,643619,"1ng"
"D5_B003776_1ng",302,7018,"1ng"
"D6_B003776_1ng",322,17949,"1ng"
"D7_B003776_1ng",25,22588,"1ng"
"D8_B003776_1ng",1737,61285,"1ng"
"D9_B003776_1ng",2405,246547,"1ng"
"E10_B003776_1ng",631,35342,"1ng"
"E11_B003776_1ng",1476,80517,"1ng"
"E12_B003776_1ng",3167,286398,"1ng"
"E13_B003776_1ng",4410,446194,"1ng"
"E14_B003776_1ng",3845,199040,"1ng"
"E15_B003776_1ng",6420,209217,"1ng"
"E16_B003776_1ng",7058,571457,"1ng"
"E17_B003776_1ng",7481,648552,"1ng"
"E18_B003776_1ng",4818,396757,"1ng"
"E19_B003776_1ng",5989,297939,"1ng"
"E1_B003776_1ng",4124,354027,"1ng"
"E20_B003776_1ng",1716,59095,"1ng"
"E21_B003776_1ng",4168,229958,"1ng"
"E22_B003776_1ng",6604,573472,"1ng"
"E2_B003776_1ng",3106,100051,"1ng"
"E3_B003776_1ng",29,1144,"1ng"
"E4_B003776_1ng",633,28978,"1ng"
"E5_B003776_1ng",281,2431,"1ng"
"E6_B003776_1ng",3216,216720,"1ng"
"E7_B003776_1ng",381,16310,"1ng"
"E8_B003776_1ng",4824,518376,"1ng"
"E9_B003776_1ng",455,23640,"1ng"
"F10_B003776_1ng",2381,290619,"1ng"
"F11_B003776_1ng",5129,361275,"1ng"
"F12_B003776_1ng",5878,409776,"1ng"
"F13_B003776_1ng",3107,126246,"1ng"
"F14_B003776_1ng",6631,923835,"1ng"
"F15_B003776_1ng",68,172,"1ng"
"F16_B003776_1ng",6051,372235,"1ng"
"F17_B003776_1ng",3616,174367,"1ng"
"F18_B003776_1ng",18,3829,"1ng"
"F19_B003776_1ng",1982,101553,"1ng"
"F1_B003776_1ng",1014,34237,"1ng"
"F20_B003776_1ng",25,10406,"1ng"
"F21_B003776_1ng",34,10205,"1ng"
"F22_B003776_1ng",450,22766,"1ng"
"F2_B003776_1ng",511,24804,"1ng"
"F3_B003776_1ng",791,54773,"1ng"
"F4_B003776_1ng",24,15719,"1ng"
"F5_B003776_1ng",1589,103974,"1ng"
"F6_B003776_1ng",1874,212452,"1ng"
"F7_B003776_1ng",388,24008,"1ng"
"F8_B003776_1ng",1855,104141,"1ng"
"F9_B003776_1ng",3896,287569,"1ng"
"G10_B003776_1ng",2063,237011,"1ng"
"G11_B003776_1ng",196,15039,"1ng"
"G12_B003776_1ng",6774,572560,"1ng"
"G13_B003776_1ng",6566,469963,"1ng"
"G14_B003776_1ng",6932,786738,"1ng"
"G15_B003776_1ng",4013,298205,"1ng"
"G16_B003776_1ng",6452,538392,"1ng"
"G17_B003776_1ng",5797,631472,"1ng"
"G18_B003776_1ng",6304,389360,"1ng"
"G19_B003776_1ng",5925,117220,"1ng"
"G1_B003776_1ng",7433,849818,"1ng"
"G20_B003776_1ng",6616,494959,"1ng"
"G21_B003776_1ng",5719,249545,"1ng"
"G22_B003776_1ng",537,38151,"1ng"
"G2_B003776_1ng",874,81487,"1ng"
"G3_B003776_1ng",3053,329062,"1ng"
"G4_B003776_1ng",5073,782285,"1ng"
"G5_B003776_1ng",1880,143732,"1ng"
"G6_B003776_1ng",1877,220364,"1ng"
"G7_B003776_1ng",330,22183,"1ng"
"G8_B003776_1ng",2519,105879,"1ng"
"G9_B003776_1ng",331,10801,"1ng"
"H10_B003776_1ng",2241,267912,"1ng"
"H11_B003776_1ng",4117,393980,"1ng"
"H12_B003776_1ng",5161,71399,"1ng"
"H13_B003776_1ng",3858,311279,"1ng"
"H14_B003776_1ng",3091,37082,"1ng"
"H15_B003776_1ng",5712,526630,"1ng"
"H16_B003776_1ng",2497,77890,"1ng"
"H17_B003776_1ng",6803,424038,"1ng"
"H18_B003776_1ng",7186,618222,"1ng"
"H19_B003776_1ng",3831,20829,"1ng"
"H1_B003776_1ng",471,25246,"1ng"
"H20_B003776_1ng",4509,416409,"1ng"
"H21_B003776_1ng",37,12471,"1ng"
"H22_B003776_1ng",5791,473649,"1ng"
"H2_B003776_1ng",587,41533,"1ng"
"H3_B003776_1ng",3653,400536,"1ng"
"H4_B003776_1ng",2314,425393,"1ng"
"H5_B003776_1ng",2769,298946,"1ng"
"H6_B003776_1ng",2246,249188,"1ng"
"H7_B003776_1ng",2647,240199,"1ng"
"H8_B003776_1ng",1434,75898,"1ng"
"H9_B003776_1ng",1676,229667,"1ng"
"I10_B003776_1ng",3542,215214,"1ng"
"I11_B003776_1ng",378,23819,"1ng"
"I12_B003776_1ng",768,43803,"1ng"
"I13_B003776_1ng",4369,376230,"1ng"
"I14_B003776_1ng",5276,461210,"1ng"
"I15_B003776_1ng",3782,115969,"1ng"
"I16_B003776_1ng",5131,450253,"1ng"
"I17_B003776_1ng",4385,385211,"1ng"
"I18_B003776_1ng",1706,64937,"1ng"
"I19_B003776_1ng",1989,154453,"1ng"
"I1_B003776_1ng",2105,663247,"1ng"
"I20_B003776_1ng",5627,584223,"1ng"
"I21_B003776_1ng",6537,725700,"1ng"
"I22_B003776_1ng",64,12757,"1ng"
"I2_B003776_1ng",1986,297830,"1ng"
"I3_B003776_1ng",42,16879,"1ng"
"I4_B003776_1ng",329,21788,"1ng"
"I5_B003776_1ng",38,12876,"1ng"
"I6_B003776_1ng",3323,130031,"1ng"
"I7_B003776_1ng",446,17128,"1ng"
"I8_B003776_1ng",1969,18169,"1ng"
"I9_B003776_1ng",1943,207917,"1ng"
"J10_B003776_1ng",2466,167303,"1ng"
"J11_B003776_1ng",531,32239,"1ng"
"J12_B003776_1ng",2680,156343,"1ng"
"J13_B003776_1ng",6289,966742,"1ng"
"J14_B003776_1ng",1582,115220,"1ng"
"J15_B003776_1ng",3427,202983,"1ng"
"J16_B003776_1ng",3408,246429,"1ng"
"J17_B003776_1ng",4985,155807,"1ng"
"J18_B003776_1ng",2807,91717,"1ng"
"J19_B003776_1ng",4911,409396,"1ng"
"J1_B003776_1ng",4790,1705955,"1ng"
"J20_B003776_1ng",103,10842,"1ng"
"J21_B003776_1ng",3735,318757,"1ng"
"J22_B003776_1ng",134,15590,"1ng"
"J2_B003776_1ng",1720,264922,"1ng"
"J3_B003776_1ng",4558,525340,"1ng"
"J4_B003776_1ng",2076,171590,"1ng"
"J5_B003776_1ng",2482,296732,"1ng"
"J6_B003776_1ng",917,31816,"1ng"
"J7_B003776_1ng",3632,395620,"1ng"
"J8_B003776_1ng",2960,325297,"1ng"
"J9_B003776_1ng",396,18821,"1ng"
"K10_B003776_1ng",599,53411,"1ng"
"K11_B003776_1ng",4189,593026,"1ng"
"K12_B003776_1ng",4826,286602,"1ng"
"K13_B003776_1ng",4656,292781,"1ng"
"K14_B003776_1ng",5012,370224,"1ng"
"K15_B003776_1ng",6511,451030,"1ng"
"K16_B003776_1ng",1130,39993,"1ng"
"K17_B003776_1ng",4482,284748,"1ng"
"K18_B003776_1ng",2747,172733,"1ng"
"K19_B003776_1ng",28,12656,"1ng"
"K1_B003776_1ng",2654,752559,"1ng"
"K20_B003776_1ng",6480,552910,"1ng"
"K21_B003776_1ng",5056,376576,"1ng"
"K22_B003776_1ng",6099,546221,"1ng"
"K2_B003776_1ng",2629,237326,"1ng"
"K3_B003776_1ng",788,92062,"1ng"
"K4_B003776_1ng",5262,677862,"1ng"
"K5_B003776_1ng",4880,201231,"1ng"
"K6_B003776_1ng",22,11432,"1ng"
"K7_B003776_1ng",3013,318449,"1ng"
"K8_B003776_1ng",4627,639129,"1ng"
"K9_B003776_1ng",3962,562666,"1ng"
"L10_B003776_1ng",1514,104592,"1ng"
"L11_B003776_1ng",3263,70651,"1ng"
"L12_B003776_1ng",2916,181816,"1ng"
"L13_B003776_1ng",6621,522902,"1ng"
"L14_B003776_1ng",4076,159820,"1ng"
"L15_B003776_1ng",4916,258945,"1ng"
"L16_B003776_1ng",5565,500456,"1ng"
"L17_B003776_1ng",5756,181710,"1ng"
"L18_B003776_1ng",29,8613,"1ng"
"L19_B003776_1ng",498,21723,"1ng"
"L1_B003776_1ng",2829,327804,"1ng"
"L20_B003776_1ng",3872,199546,"1ng"
"L21_B003776_1ng",4440,185770,"1ng"
"L22_B003776_1ng",5629,404617,"1ng"
"L2_B003776_1ng",4771,433283,"1ng"
"L3_B003776_1ng",484,33297,"1ng"
"L4_B003776_1ng",586,27623,"1ng"
"L5_B003776_1ng",5149,528673,"1ng"
"L6_B003776_1ng",3833,388449,"1ng"
"L7_B003776_1ng",380,16931,"1ng"
"L8_B003776_1ng",3422,470660,"1ng"
"L9_B003776_1ng",2177,205010,"1ng"
"M10_B003776_1ng",2754,229808,"1ng"
"M11_B003776_1ng",1675,125874,"1ng"
"M12_B003776_1ng",260,14749,"1ng"
"M13_B003776_1ng",5324,288076,"1ng"
"M14_B003776_1ng",3205,126481,"1ng"
"M15_B003776_1ng",5872,286479,"1ng"
"M16_B003776_1ng",3170,89215,"1ng"
"M17_B003776_1ng",974,59122,"1ng"
"M18_B003776_1ng",459,25265,"1ng"
"M19_B003776_1ng",6094,479473,"1ng"
"M1_B003776_1ng",3260,336578,"1ng"
"M20_B003776_1ng",39,7584,"1ng"
"M21_B003776_1ng",3758,205210,"1ng"
"M22_B003776_1ng",6818,642897,"1ng"
"M2_B003776_1ng",1964,107819,"1ng"
"M3_B003776_1ng",653,39739,"1ng"
"M4_B003776_1ng",3041,344828,"1ng"
"M5_B003776_1ng",5174,617868,"1ng"
"M6_B003776_1ng",3617,251784,"1ng"
"M7_B003776_1ng",1808,196867,"1ng"
"M8_B003776_1ng",894,68811,"1ng"
"M9_B003776_1ng",368,15848,"1ng"
"N10_B003776_1ng",4035,224578,"1ng"
"N11_B003776_1ng",3476,214470,"1ng"
"N12_B003776_1ng",4379,449752,"1ng"
"N13_B003776_1ng",1971,48325,"1ng"
"N14_B003776_1ng",7562,502343,"1ng"
"N15_B003776_1ng",300,19905,"1ng"
"N16_B003776_1ng",7574,493775,"1ng"
"N17_B003776_1ng",5404,483824,"1ng"
"N18_B003776_1ng",5778,398322,"1ng"
"N19_B003776_1ng",5977,445872,"1ng"
"N1_B003776_1ng",21,11809,"1ng"
"N20_B003776_1ng",5127,392273,"1ng"
"N21_B003776_1ng",5439,294198,"1ng"
"N22_B003776_1ng",4784,285260,"1ng"
"N2_B003776_1ng",452,32483,"1ng"
"N3_B003776_1ng",1873,302119,"1ng"
"N4_B003776_1ng",3591,341629,"1ng"
"N5_B003776_1ng",1859,152180,"1ng"
"N6_B003776_1ng",433,21045,"1ng"
"N7_B003776_1ng",343,15917,"1ng"
"N8_B003776_1ng",1837,187481,"1ng"
"N9_B003776_1ng",2352,168155,"1ng"
"O10_B003776_1ng",3425,418314,"1ng"
"O11_B003776_1ng",5354,313039,"1ng"
"O12_B003776_1ng",4442,255120,"1ng"
"O13_B003776_1ng",5367,467916,"1ng"
"O14_B003776_1ng",3104,138205,"1ng"
"O15_B003776_1ng",6432,467826,"1ng"
"O16_B003776_1ng",6099,452714,"1ng"
"O17_B003776_1ng",3903,302653,"1ng"
"O18_B003776_1ng",2562,130457,"1ng"
"O19_B003776_1ng",3726,119160,"1ng"
"O1_B003776_1ng",3422,389187,"1ng"
"O20_B003776_1ng",163,13416,"1ng"
"O21_B003776_1ng",3965,231598,"1ng"
"O22_B003776_1ng",6880,905755,"1ng"
"O2_B003776_1ng",3245,660167,"1ng"
"O3_B003776_1ng",907,173461,"1ng"
"O4_B003776_1ng",5112,1249768,"1ng"
"O5_B003776_1ng",3688,173297,"1ng"
"O6_B003776_1ng",5349,320356,"1ng"
"O7_B003776_1ng",3505,482102,"1ng"
"O8_B003776_1ng",414,13249,"1ng"
"O9_B003776_1ng",1524,124339,"1ng"
"P10_B003776_1ng",2731,279373,"1ng"
"P11_B003776_1ng",638,25844,"1ng"
"P12_B003776_1ng",7697,803688,"1ng"
"P13_B003776_1ng",4316,404642,"1ng"
"P14_B003776_1ng",3202,178979,"1ng"
"P15_B003776_1ng",6731,621208,"1ng"
"P16_B003776_1ng",5941,496406,"1ng"
"P17_B003776_1ng",5779,464484,"1ng"
"P18_B003776_1ng",27,37296,"1ng"
"P19_B003776_1ng",2423,126081,"1ng"
"P1_B003776_1ng",2605,294107,"1ng"
"P20_B003776_1ng",7028,689748,"1ng"
"P21_B003776_1ng",6192,829127,"1ng"
"P22_B003776_1ng",5589,588806,"1ng"
"P2_B003776_1ng",3801,495890,"1ng"
"P3_B003776_1ng",2600,254921,"1ng"
"P4_B003776_1ng",600,33761,"1ng"
"P5_B003776_1ng",3017,341645,"1ng"
"P6_B003776_1ng",26,13528,"1ng"
"P7_B003776_1ng",524,36075,"1ng"
"P8_B003776_1ng",454,16377,"1ng"
"P9_B003776_1ng",410,27146,"1ng"
"A10_B003776_2ng",2537,122750,"2ng"
"A11_B003776_2ng",3402,252718,"2ng"
"A12_B003776_2ng",6404,526117,"2ng"
"A13_B003776_2ng",3078,342761,"2ng"
"A14_B003776_2ng",2903,192076,"2ng"
"A15_B003776_2ng",7672,796527,"2ng"
"A16_B003776_2ng",1941,138630,"2ng"
"A17_B003776_2ng",7056,606230,"2ng"
"A18_B003776_2ng",4997,410017,"2ng"
"A19_B003776_2ng",4948,579137,"2ng"
"A1_B003776_2ng",6465,974875,"2ng"
"A20_B003776_2ng",6394,517912,"2ng"
"A21_B003776_2ng",34,13823,"2ng"
"A22_B003776_2ng",3703,170026,"2ng"
"A2_B003776_2ng",2771,239756,"2ng"
"A3_B003776_2ng",4354,468279,"2ng"
"A4_B003776_2ng",365,14775,"2ng"
"A5_B003776_2ng",2668,69197,"2ng"
"A6_B003776_2ng",1619,118611,"2ng"
"A7_B003776_2ng",2727,303894,"2ng"
"A8_B003776_2ng",1638,286405,"2ng"
"A9_B003776_2ng",2887,322466,"2ng"
"B10_B003776_2ng",3029,256954,"2ng"
"B11_B003776_2ng",2931,201240,"2ng"
"B12_B003776_2ng",7382,620170,"2ng"
"B13_B003776_2ng",5088,179643,"2ng"
"B14_B003776_2ng",0,0,"2ng"
"B15_B003776_2ng",5648,255840,"2ng"
"B16_B003776_2ng",5040,238040,"2ng"
"B17_B003776_2ng",3307,198342,"2ng"
"B18_B003776_2ng",4332,164663,"2ng"
"B19_B003776_2ng",4898,553377,"2ng"
"B1_B003776_2ng",2081,97715,"2ng"
"B20_B003776_2ng",119,16200,"2ng"
"B21_B003776_2ng",2878,95855,"2ng"
"B22_B003776_2ng",3916,239170,"2ng"
"B2_B003776_2ng",2488,248415,"2ng"
"B3_B003776_2ng",4804,502578,"2ng"
"B4_B003776_2ng",3648,309653,"2ng"
"B5_B003776_2ng",1864,82277,"2ng"
"B6_B003776_2ng",3665,73434,"2ng"
"B7_B003776_2ng",421,23068,"2ng"
"B8_B003776_2ng",29,11610,"2ng"
"B9_B003776_2ng",307,10734,"2ng"
"C10_B003776_2ng",2324,118958,"2ng"
"C11_B003776_2ng",34,9651,"2ng"
"C12_B003776_2ng",3151,145047,"2ng"
"C13_B003776_2ng",298,45106,"2ng"
"C14_B003776_2ng",6158,373752,"2ng"
"C15_B003776_2ng",4756,204933,"2ng"
"C16_B003776_2ng",5997,577143,"2ng"
"C17_B003776_2ng",1476,22384,"2ng"
"C18_B003776_2ng",2900,81977,"2ng"
"C19_B003776_2ng",30,14985,"2ng"
"C1_B003776_2ng",1915,268504,"2ng"
"C20_B003776_2ng",3988,164382,"2ng"
"C21_B003776_2ng",6530,727340,"2ng"
"C22_B003776_2ng",2595,290869,"2ng"
"C2_B003776_2ng",448,19673,"2ng"
"C3_B003776_2ng",2179,467329,"2ng"
"C4_B003776_2ng",2375,212775,"2ng"
"C5_B003776_2ng",3395,171532,"2ng"
"C6_B003776_2ng",656,67470,"2ng"
"C7_B003776_2ng",3762,384011,"2ng"
"C8_B003776_2ng",4709,464245,"2ng"
"C9_B003776_2ng",422,12064,"2ng"
"D10_B003776_2ng",2200,214660,"2ng"
"D11_B003776_2ng",5638,708300,"2ng"
"D12_B003776_2ng",5374,431786,"2ng"
"D13_B003776_2ng",2623,227197,"2ng"
"D14_B003776_2ng",6722,507011,"2ng"
"D15_B003776_2ng",6590,754328,"2ng"
"D16_B003776_2ng",7757,1039410,"2ng"
"D17_B003776_2ng",22,9355,"2ng"
"D18_B003776_2ng",4006,360497,"2ng"
"D19_B003776_2ng",24,14121,"2ng"
"D1_B003776_2ng",3003,238689,"2ng"
"D20_B003776_2ng",4278,244798,"2ng"
"D21_B003776_2ng",2981,276508,"2ng"
"D22_B003776_2ng",5784,456129,"2ng"
"D2_B003776_2ng",2013,319444,"2ng"
"D3_B003776_2ng",5147,874496,"2ng"
"D4_B003776_2ng",5443,507432,"2ng"
"D5_B003776_2ng",361,13473,"2ng"
"D6_B003776_2ng",336,14413,"2ng"
"D7_B003776_2ng",22,18009,"2ng"
"D8_B003776_2ng",1812,68764,"2ng"
"D9_B003776_2ng",2472,182951,"2ng"
"E10_B003776_2ng",640,28647,"2ng"
"E11_B003776_2ng",1497,58852,"2ng"
"E12_B003776_2ng",3283,280468,"2ng"
"E13_B003776_2ng",4521,459806,"2ng"
"E14_B003776_2ng",4152,277203,"2ng"
"E15_B003776_2ng",5834,66343,"2ng"
"E16_B003776_2ng",7442,702695,"2ng"
"E17_B003776_2ng",7788,649302,"2ng"
"E18_B003776_2ng",5054,433165,"2ng"
"E19_B003776_2ng",6137,215668,"2ng"
"E1_B003776_2ng",4264,355593,"2ng"
"E20_B003776_2ng",1872,60463,"2ng"
"E21_B003776_2ng",4358,230221,"2ng"
"E22_B003776_2ng",6933,599859,"2ng"
"E2_B003776_2ng",3062,70416,"2ng"
"E3_B003776_2ng",30,1415,"2ng"
"E4_B003776_2ng",707,35053,"2ng"
"E5_B003776_2ng",453,11104,"2ng"
"E6_B003776_2ng",3187,116428,"2ng"
"E7_B003776_2ng",389,16006,"2ng"
"E8_B003776_2ng",4967,413249,"2ng"
"E9_B003776_2ng",469,20835,"2ng"
"F10_B003776_2ng",2445,255770,"2ng"
"F11_B003776_2ng",5220,327186,"2ng"
"F12_B003776_2ng",6021,342709,"2ng"
"F13_B003776_2ng",3142,93920,"2ng"
"F14_B003776_2ng",6789,776209,"2ng"
"F15_B003776_2ng",68,103,"2ng"
"F16_B003776_2ng",6307,435357,"2ng"
"F17_B003776_2ng",3732,113794,"2ng"
"F18_B003776_2ng",31,10937,"2ng"
"F19_B003776_2ng",2104,97692,"2ng"
"F1_B003776_2ng",526,2251,"2ng"
"F20_B003776_2ng",26,8818,"2ng"
"F21_B003776_2ng",33,11235,"2ng"
"F22_B003776_2ng",491,18127,"2ng"
"F2_B003776_2ng",544,32780,"2ng"
"F3_B003776_2ng",782,38665,"2ng"
"F4_B003776_2ng",20,10381,"2ng"
"F5_B003776_2ng",1622,94938,"2ng"
"F6_B003776_2ng",1925,151729,"2ng"
"F7_B003776_2ng",374,17860,"2ng"
"F8_B003776_2ng",1888,91208,"2ng"
"F9_B003776_2ng",3973,259989,"2ng"
"G10_B003776_2ng",2105,213488,"2ng"
"G11_B003776_2ng",217,13214,"2ng"
"G12_B003776_2ng",7007,546460,"2ng"
"G13_B003776_2ng",6832,477005,"2ng"
"G14_B003776_2ng",6774,255759,"2ng"
"G15_B003776_2ng",4251,321916,"2ng"
"G16_B003776_2ng",6837,617086,"2ng"
"G17_B003776_2ng",6085,651398,"2ng"
"G18_B003776_2ng",6809,542957,"2ng"
"G19_B003776_2ng",6900,558803,"2ng"
"G1_B003776_2ng",7609,655675,"2ng"
"G20_B003776_2ng",6927,530830,"2ng"
"G21_B003776_2ng",6215,416767,"2ng"
"G22_B003776_2ng",545,33659,"2ng"
"G2_B003776_2ng",927,85017,"2ng"
"G3_B003776_2ng",3084,251026,"2ng"
"G4_B003776_2ng",5168,650032,"2ng"
"G5_B003776_2ng",1806,58772,"2ng"
"G6_B003776_2ng",1905,176271,"2ng"
"G7_B003776_2ng",339,18155,"2ng"
"G8_B003776_2ng",2726,239409,"2ng"
"G9_B003776_2ng",347,9388,"2ng"
"H10_B003776_2ng",2247,200459,"2ng"
"H11_B003776_2ng",4227,353834,"2ng"
"H12_B003776_2ng",5971,193644,"2ng"
"H13_B003776_2ng",4029,326457,"2ng"
"H14_B003776_2ng",3610,87632,"2ng"
"H15_B003776_2ng",5850,609128,"2ng"
"H16_B003776_2ng",2868,89336,"2ng"
"H17_B003776_2ng",7198,474422,"2ng"
"H18_B003776_2ng",7504,625739,"2ng"
"H19_B003776_2ng",6072,481740,"2ng"
"H1_B003776_2ng",455,17945,"2ng"
"H20_B003776_2ng",4651,359987,"2ng"
"H21_B003776_2ng",50,13746,"2ng"
"H22_B003776_2ng",6088,494918,"2ng"
"H2_B003776_2ng",566,28695,"2ng"
"H3_B003776_2ng",3728,371050,"2ng"
"H4_B003776_2ng",2269,279319,"2ng"
"H5_B003776_2ng",2809,222069,"2ng"
"H6_B003776_2ng",2270,202492,"2ng"
"H7_B003776_2ng",2764,223731,"2ng"
"H8_B003776_2ng",1519,76761,"2ng"
"H9_B003776_2ng",1731,183564,"2ng"
"I10_B003776_2ng",3498,160696,"2ng"
"I11_B003776_2ng",378,17261,"2ng"
"I12_B003776_2ng",795,36098,"2ng"
"I13_B003776_2ng",4420,289109,"2ng"
"I14_B003776_2ng",5466,502096,"2ng"
"I15_B003776_2ng",4027,107676,"2ng"
"I16_B003776_2ng",5439,541867,"2ng"
"I17_B003776_2ng",4210,119915,"2ng"
"I18_B003776_2ng",1821,59652,"2ng"
"I19_B003776_2ng",2026,168029,"2ng"
"I1_B003776_2ng",2215,926744,"2ng"
"I20_B003776_2ng",5650,447072,"2ng"
"I21_B003776_2ng",6771,662154,"2ng"
"I22_B003776_2ng",28,8777,"2ng"
"I2_B003776_2ng",2007,277516,"2ng"
"I3_B003776_2ng",23,6618,"2ng"
"I4_B003776_2ng",311,16358,"2ng"
"I5_B003776_2ng",57,7023,"2ng"
"I6_B003776_2ng",3168,53821,"2ng"
"I7_B003776_2ng",446,18299,"2ng"
"I8_B003776_2ng",2716,234634,"2ng"
"I9_B003776_2ng",1983,163719,"2ng"
"J10_B003776_2ng",2531,162248,"2ng"
"J11_B003776_2ng",560,28386,"2ng"
"J12_B003776_2ng",2809,163914,"2ng"
"J13_B003776_2ng",6352,595868,"2ng"
"J14_B003776_2ng",1714,184543,"2ng"
"J15_B003776_2ng",3774,368745,"2ng"
"J16_B003776_2ng",3524,218497,"2ng"
"J17_B003776_2ng",5596,662569,"2ng"
"J18_B003776_2ng",3072,105660,"2ng"
"J19_B003776_2ng",5184,532038,"2ng"
"J1_B003776_2ng",4679,718586,"2ng"
"J20_B003776_2ng",129,10081,"2ng"
"J21_B003776_2ng",3883,255701,"2ng"
"J22_B003776_2ng",148,17960,"2ng"
"J2_B003776_2ng",1720,225195,"2ng"
"J3_B003776_2ng",4341,164089,"2ng"
"J4_B003776_2ng",2125,151923,"2ng"
"J5_B003776_2ng",2506,230624,"2ng"
"J6_B003776_2ng",918,25570,"2ng"
"J7_B003776_2ng",3725,392983,"2ng"
"J8_B003776_2ng",3010,255015,"2ng"
"J9_B003776_2ng",391,13743,"2ng"
"K10_B003776_2ng",614,41624,"2ng"
"K11_B003776_2ng",4327,605400,"2ng"
"K12_B003776_2ng",5084,325931,"2ng"
"K13_B003776_2ng",4944,346250,"2ng"
"K14_B003776_2ng",5238,372611,"2ng"
"K15_B003776_2ng",6868,541204,"2ng"
"K16_B003776_2ng",1203,43893,"2ng"
"K17_B003776_2ng",2212,6779,"2ng"
"K18_B003776_2ng",2918,208990,"2ng"
"K19_B003776_2ng",24,8493,"2ng"
"K1_B003776_2ng",2726,767108,"2ng"
"K20_B003776_2ng",6850,683370,"2ng"
"K21_B003776_2ng",5318,481195,"2ng"
"K22_B003776_2ng",6303,530995,"2ng"
"K2_B003776_2ng",2752,295704,"2ng"
"K3_B003776_2ng",757,52239,"2ng"
"K4_B003776_2ng",5297,497932,"2ng"
"K5_B003776_2ng",5261,327474,"2ng"
"K6_B003776_2ng",31,12396,"2ng"
"K7_B003776_2ng",3133,264548,"2ng"
"K8_B003776_2ng",4732,550985,"2ng"
"K9_B003776_2ng",4078,541273,"2ng"
"L10_B003776_2ng",1625,162782,"2ng"
"L11_B003776_2ng",4258,289776,"2ng"
"L12_B003776_2ng",3183,394816,"2ng"
"L13_B003776_2ng",6873,524412,"2ng"
"L14_B003776_2ng",4429,183852,"2ng"
"L15_B003776_2ng",5100,234322,"2ng"
"L16_B003776_2ng",5804,459948,"2ng"
"L17_B003776_2ng",6468,328921,"2ng"
"L18_B003776_2ng",27,10428,"2ng"
"L19_B003776_2ng",573,17457,"2ng"
"L1_B003776_2ng",2949,328628,"2ng"
"L20_B003776_2ng",4058,234967,"2ng"
"L21_B003776_2ng",4687,188146,"2ng"
"L22_B003776_2ng",5860,416686,"2ng"
"L2_B003776_2ng",3937,37849,"2ng"
"L3_B003776_2ng",480,23656,"2ng"
"L4_B003776_2ng",636,28885,"2ng"
"L5_B003776_2ng",5156,264937,"2ng"
"L6_B003776_2ng",3895,269194,"2ng"
"L7_B003776_2ng",409,14166,"2ng"
"L8_B003776_2ng",3542,401279,"2ng"
"L9_B003776_2ng",2237,182086,"2ng"
"M10_B003776_2ng",2845,216846,"2ng"
"M11_B003776_2ng",1765,140926,"2ng"
"M12_B003776_2ng",273,16488,"2ng"
"M13_B003776_2ng",5560,262539,"2ng"
"M14_B003776_2ng",3381,100005,"2ng"
"M15_B003776_2ng",6191,316417,"2ng"
"M16_B003776_2ng",3505,118543,"2ng"
"M17_B003776_2ng",958,57439,"2ng"
"M18_B003776_2ng",467,25643,"2ng"
"M19_B003776_2ng",6232,334004,"2ng"
"M1_B003776_2ng",3429,616644,"2ng"
"M20_B003776_2ng",28,8640,"2ng"
"M21_B003776_2ng",3972,210832,"2ng"
"M22_B003776_2ng",7019,660483,"2ng"
"M2_B003776_2ng",2116,203294,"2ng"
"M3_B003776_2ng",607,22768,"2ng"
"M4_B003776_2ng",3180,429476,"2ng"
"M5_B003776_2ng",5075,506594,"2ng"
"M6_B003776_2ng",3808,260176,"2ng"
"M7_B003776_2ng",1845,192764,"2ng"
"M8_B003776_2ng",948,69437,"2ng"
"M9_B003776_2ng",372,9275,"2ng"
"N10_B003776_2ng",4265,232473,"2ng"
"N11_B003776_2ng",3641,182421,"2ng"
"N12_B003776_2ng",4312,157740,"2ng"
"N13_B003776_2ng",2190,51980,"2ng"
"N14_B003776_2ng",7442,224672,"2ng"
"N15_B003776_2ng",321,21067,"2ng"
"N16_B003776_2ng",7972,547172,"2ng"
"N17_B003776_2ng",5563,373947,"2ng"
"N18_B003776_2ng",6129,369457,"2ng"
"N19_B003776_2ng",5850,207688,"2ng"
"N1_B003776_2ng",22,8925,"2ng"
"N20_B003776_2ng",5184,263454,"2ng"
"N21_B003776_2ng",5674,254835,"2ng"
"N22_B003776_2ng",5138,359093,"2ng"
"N2_B003776_2ng",483,32396,"2ng"
"N3_B003776_2ng",1910,254632,"2ng"
"N4_B003776_2ng",3686,382372,"2ng"
"N5_B003776_2ng",1904,155033,"2ng"
"N6_B003776_2ng",428,18026,"2ng"
"N7_B003776_2ng",334,11860,"2ng"
"N8_B003776_2ng",1910,160510,"2ng"
"N9_B003776_2ng",2471,183782,"2ng"
"O10_B003776_2ng",3544,483983,"2ng"
"O11_B003776_2ng",5588,257555,"2ng"
"O12_B003776_2ng",4609,254642,"2ng"
"O13_B003776_2ng",5645,594688,"2ng"
"O14_B003776_2ng",3485,203721,"2ng"
"O15_B003776_2ng",6774,465679,"2ng"
"O16_B003776_2ng",6468,564168,"2ng"
"O17_B003776_2ng",4137,335203,"2ng"
"O18_B003776_2ng",2733,147362,"2ng"
"O19_B003776_2ng",3686,106553,"2ng"
"O1_B003776_2ng",3462,295911,"2ng"
"O20_B003776_2ng",172,17571,"2ng"
"O21_B003776_2ng",4163,215104,"2ng"
"O22_B003776_2ng",7015,523934,"2ng"
"O2_B003776_2ng",2783,73427,"2ng"
"O3_B003776_2ng",935,156712,"2ng"
"O4_B003776_2ng",5195,953232,"2ng"
"O5_B003776_2ng",4087,460416,"2ng"
"O6_B003776_2ng",5607,302837,"2ng"
"O7_B003776_2ng",3554,331631,"2ng"
"O8_B003776_2ng",494,24070,"2ng"
"O9_B003776_2ng",1529,91562,"2ng"
"P10_B003776_2ng",2893,442244,"2ng"
"P11_B003776_2ng",744,46337,"2ng"
"P12_B003776_2ng",8176,993883,"2ng"
"P13_B003776_2ng",4554,504282,"2ng"
"P14_B003776_2ng",3544,253027,"2ng"
"P15_B003776_2ng",7141,748423,"2ng"
"P16_B003776_2ng",6136,321828,"2ng"
"P17_B003776_2ng",6155,634724,"2ng"
"P18_B003776_2ng",27,46142,"2ng"
"P19_B003776_2ng",2700,175003,"2ng"
"P1_B003776_2ng",2755,385851,"2ng"
"P20_B003776_2ng",5293,51721,"2ng"
"P21_B003776_2ng",4749,56460,"2ng"
"P22_B003776_2ng",4152,45031,"2ng"
"P2_B003776_2ng",3880,364160,"2ng"
"P3_B003776_2ng",2684,234632,"2ng"
"P4_B003776_2ng",647,51780,"2ng"
"P5_B003776_2ng",3190,508042,"2ng"
"P6_B003776_2ng",34,18717,"2ng"
"P7_B003776_2ng",579,41242,"2ng"
"P8_B003776_2ng",539,44864,"2ng"
"P9_B003776_2ng",434,37320,"2ng"
"A10_B003776_NXT",2283,217232,"NXT"
"A11_B003776_NXT",3288,991711,"NXT"
"A12_B003776_NXT",5504,474381,"NXT"
"A13_B003776_NXT",2521,96310,"NXT"
"A14_B003776_NXT",2862,761171,"NXT"
"A15_B003776_NXT",7337,2131069,"NXT"
"A16_B003776_NXT",1661,137019,"NXT"
"A17_B003776_NXT",6477,1035627,"NXT"
"A18_B003776_NXT",4762,1277263,"NXT"
"A19_B003776_NXT",4704,1390088,"NXT"
"A1_B003776_NXT",6215,3419520,"NXT"
"A20_B003776_NXT",4262,44202,"NXT"
"A21_B003776_NXT",19,32097,"NXT"
"A22_B003776_NXT",2963,190697,"NXT"
"A2_B003776_NXT",4196,531783,"NXT"
"A3_B003776_NXT",4138,1093697,"NXT"
"A4_B003776_NXT",304,44695,"NXT"
"A5_B003776_NXT",2618,299012,"NXT"
"A6_B003776_NXT",1468,252610,"NXT"
"A7_B003776_NXT",2502,533468,"NXT"
"A8_B003776_NXT",1619,1374826,"NXT"
"A9_B003776_NXT",2752,1126821,"NXT"
"B10_B003776_NXT",2947,669248,"NXT"
"B11_B003776_NXT",2925,872244,"NXT"
"B12_B003776_NXT",7241,2445056,"NXT"
"B13_B003776_NXT",4601,269416,"NXT"
"B14_B003776_NXT",2221,329404,"NXT"
"B15_B003776_NXT",5329,744041,"NXT"
"B16_B003776_NXT",4544,520866,"NXT"
"B17_B003776_NXT",3090,514771,"NXT"
"B18_B003776_NXT",4044,483814,"NXT"
"B19_B003776_NXT",4596,1245092,"NXT"
"B1_B003776_NXT",2242,1599892,"NXT"
"B20_B003776_NXT",98,40358,"NXT"
"B21_B003776_NXT",2907,493212,"NXT"
"B22_B003776_NXT",3634,628266,"NXT"
"B2_B003776_NXT",2368,661532,"NXT"
"B3_B003776_NXT",4539,1669403,"NXT"
"B4_B003776_NXT",3276,564469,"NXT"
"B5_B003776_NXT",1726,254630,"NXT"
"B6_B003776_NXT",4337,2085871,"NXT"
"B7_B003776_NXT",383,59264,"NXT"
"B8_B003776_NXT",20,20360,"NXT"
"B9_B003776_NXT",160,17533,"NXT"
"C10_B003776_NXT",2265,395318,"NXT"
"C11_B003776_NXT",50,20473,"NXT"
"C12_B003776_NXT",1291,5485,"NXT"
"C13_B003776_NXT",276,66969,"NXT"
"C14_B003776_NXT",5870,1000733,"NXT"
"C15_B003776_NXT",4414,348312,"NXT"
"C16_B003776_NXT",5694,1552307,"NXT"
"C17_B003776_NXT",1488,92274,"NXT"
"C18_B003776_NXT",2570,171256,"NXT"
"C19_B003776_NXT",26,30797,"NXT"
"C1_B003776_NXT",1736,394558,"NXT"
"C20_B003776_NXT",2474,20269,"NXT"
"C21_B003776_NXT",5945,1154020,"NXT"
"C22_B003776_NXT",2470,818015,"NXT"
"C2_B003776_NXT",403,44443,"NXT"
"C3_B003776_NXT",2073,972009,"NXT"
"C4_B003776_NXT",2223,645682,"NXT"
"C5_B003776_NXT",3423,895406,"NXT"
"C6_B003776_NXT",624,264910,"NXT"
"C7_B003776_NXT",3529,1158277,"NXT"
"C8_B003776_NXT",4387,1485824,"NXT"
"C9_B003776_NXT",257,18188,"NXT"
"D10_B003776_NXT",2110,807155,"NXT"
"D11_B003776_NXT",5487,3303075,"NXT"
"D12_B003776_NXT",5108,902735,"NXT"
"D13_B003776_NXT",2572,927118,"NXT"
"D14_B003776_NXT",6435,1589153,"NXT"
"D15_B003776_NXT",6412,2513807,"NXT"
"D16_B003776_NXT",7073,1456488,"NXT"
"D17_B003776_NXT",18,20624,"NXT"
"D18_B003776_NXT",3761,1030085,"NXT"
"D19_B003776_NXT",55,35299,"NXT"
"D1_B003776_NXT",2858,639911,"NXT"
"D20_B003776_NXT",4015,493462,"NXT"
"D21_B003776_NXT",162,250,"NXT"
"D22_B003776_NXT",5403,1152289,"NXT"
"D2_B003776_NXT",1927,951498,"NXT"
"D3_B003776_NXT",5016,3484116,"NXT"
"D4_B003776_NXT",5238,1820743,"NXT"
"D5_B003776_NXT",319,46116,"NXT"
"D6_B003776_NXT",148,5218,"NXT"
"D7_B003776_NXT",19,44956,"NXT"
"D8_B003776_NXT",1861,396722,"NXT"
"D9_B003776_NXT",2436,957504,"NXT"
"E10_B003776_NXT",576,47507,"NXT"
"E11_B003776_NXT",1509,226728,"NXT"
"E12_B003776_NXT",33,50,"NXT"
"E13_B003776_NXT",4385,1146134,"NXT"
"E14_B003776_NXT",3879,593045,"NXT"
"E15_B003776_NXT",6564,473468,"NXT"
"E16_B003776_NXT",1282,3202,"NXT"
"E17_B003776_NXT",7615,2432672,"NXT"
"E18_B003776_NXT",4856,1466247,"NXT"
"E19_B003776_NXT",6197,1072606,"NXT"
"E1_B003776_NXT",4005,1174283,"NXT"
"E20_B003776_NXT",1678,148000,"NXT"
"E21_B003776_NXT",4155,674777,"NXT"
"E22_B003776_NXT",6466,1354812,"NXT"
"E2_B003776_NXT",3033,241068,"NXT"
"E3_B003776_NXT",39,3806,"NXT"
"E4_B003776_NXT",662,69122,"NXT"
"E5_B003776_NXT",417,25250,"NXT"
"E6_B003776_NXT",3309,1178702,"NXT"
"E7_B003776_NXT",350,46982,"NXT"
"E8_B003776_NXT",4826,1524862,"NXT"
"E9_B003776_NXT",446,57871,"NXT"
"F10_B003776_NXT",2344,801560,"NXT"
"F11_B003776_NXT",4964,1023555,"NXT"
"F12_B003776_NXT",5785,1168952,"NXT"
"F13_B003776_NXT",3187,374158,"NXT"
"F14_B003776_NXT",6479,2112860,"NXT"
"F15_B003776_NXT",5,9,"NXT"
"F16_B003776_NXT",6053,1269518,"NXT"
"F17_B003776_NXT",3325,312314,"NXT"
"F18_B003776_NXT",15,7819,"NXT"
"F19_B003776_NXT",1801,151402,"NXT"
"F1_B003776_NXT",925,69001,"NXT"
"F20_B003776_NXT",25,21901,"NXT"
"F21_B003776_NXT",23,26813,"NXT"
"F22_B003776_NXT",206,3028,"NXT"
"F2_B003776_NXT",427,46582,"NXT"
"F3_B003776_NXT",728,126627,"NXT"
"F4_B003776_NXT",16,72932,"NXT"
"F5_B003776_NXT",1538,327861,"NXT"
"F6_B003776_NXT",1047,6638,"NXT"
"F7_B003776_NXT",341,48890,"NXT"
"F8_B003776_NXT",1836,371948,"NXT"
"F9_B003776_NXT",3803,831079,"NXT"
"G10_B003776_NXT",2038,643030,"NXT"
"G11_B003776_NXT",164,23319,"NXT"
"G12_B003776_NXT",6794,1840586,"NXT"
"G13_B003776_NXT",6549,1295303,"NXT"
"G14_B003776_NXT",6878,2201586,"NXT"
"G15_B003776_NXT",3672,243505,"NXT"
"G16_B003776_NXT",6379,1450125,"NXT"
"G17_B003776_NXT",5872,2046676,"NXT"
"G18_B003776_NXT",6393,1324932,"NXT"
"G19_B003776_NXT",6709,2234567,"NXT"
"G1_B003776_NXT",4202,27717,"NXT"
"G20_B003776_NXT",5723,357586,"NXT"
"G21_B003776_NXT",5970,1089428,"NXT"
"G22_B003776_NXT",570,109862,"NXT"
"G2_B003776_NXT",925,355704,"NXT"
"G3_B003776_NXT",2901,873230,"NXT"
"G4_B003776_NXT",5207,4052980,"NXT"
"G5_B003776_NXT",1880,506274,"NXT"
"G6_B003776_NXT",1822,580375,"NXT"
"G7_B003776_NXT",313,48216,"NXT"
"G8_B003776_NXT",2675,1241639,"NXT"
"G9_B003776_NXT",276,15933,"NXT"
"H10_B003776_NXT",2172,667666,"NXT"
"H11_B003776_NXT",4039,1083476,"NXT"
"H12_B003776_NXT",5583,565709,"NXT"
"H13_B003776_NXT",3932,1309560,"NXT"
"H14_B003776_NXT",3526,328224,"NXT"
"H15_B003776_NXT",5591,1540030,"NXT"
"H16_B003776_NXT",2409,168071,"NXT"
"H17_B003776_NXT",6830,1290743,"NXT"
"H18_B003776_NXT",5087,55143,"NXT"
"H19_B003776_NXT",5270,493809,"NXT"
"H1_B003776_NXT",468,135327,"NXT"
"H20_B003776_NXT",4352,793781,"NXT"
"H21_B003776_NXT",24,29972,"NXT"
"H22_B003776_NXT",5698,1510419,"NXT"
"H2_B003776_NXT",518,70831,"NXT"
"H3_B003776_NXT",3570,1355289,"NXT"
"H4_B003776_NXT",2136,793297,"NXT"
"H5_B003776_NXT",2757,1078208,"NXT"
"H6_B003776_NXT",2148,441582,"NXT"
"H7_B003776_NXT",2506,499613,"NXT"
"H8_B003776_NXT",1390,227536,"NXT"
"H9_B003776_NXT",1638,524355,"NXT"
"I10_B003776_NXT",4047,1453628,"NXT"
"I11_B003776_NXT",1030,57651,"NXT"
"I12_B003776_NXT",1405,111564,"NXT"
"I13_B003776_NXT",4587,796090,"NXT"
"I14_B003776_NXT",5432,1252069,"NXT"
"I15_B003776_NXT",3659,129873,"NXT"
"I16_B003776_NXT",5760,1230452,"NXT"
"I17_B003776_NXT",3917,83523,"NXT"
"I18_B003776_NXT",3025,181817,"NXT"
"I19_B003776_NXT",2587,582636,"NXT"
"I1_B003776_NXT",2115,1550545,"NXT"
"I20_B003776_NXT",5707,1971907,"NXT"
"I21_B003776_NXT",6617,1798656,"NXT"
"I22_B003776_NXT",829,42817,"NXT"
"I2_B003776_NXT",2373,1422356,"NXT"
"I3_B003776_NXT",832,72201,"NXT"
"I4_B003776_NXT",794,44690,"NXT"
"I5_B003776_NXT",876,48359,"NXT"
"I6_B003776_NXT",3839,1385855,"NXT"
"I7_B003776_NXT",1377,87097,"NXT"
"I8_B003776_NXT",3183,873271,"NXT"
"I9_B003776_NXT",2366,488024,"NXT"
"J10_B003776_NXT",2366,436962,"NXT"
"J11_B003776_NXT",455,54646,"NXT"
"J12_B003776_NXT",2572,365867,"NXT"
"J13_B003776_NXT",6132,2222192,"NXT"
"J14_B003776_NXT",1568,385302,"NXT"
"J15_B003776_NXT",3472,852164,"NXT"
"J16_B003776_NXT",3278,537536,"NXT"
"J17_B003776_NXT",5337,2228080,"NXT"
"J18_B003776_NXT",693,2208,"NXT"
"J19_B003776_NXT",806,1841,"NXT"
"J1_B003776_NXT",4481,2229861,"NXT"
"J20_B003776_NXT",76,18243,"NXT"
"J21_B003776_NXT",3472,570696,"NXT"
"J22_B003776_NXT",135,51990,"NXT"
"J2_B003776_NXT",1626,596228,"NXT"
"J3_B003776_NXT",4408,1441628,"NXT"
"J4_B003776_NXT",1889,165533,"NXT"
"J5_B003776_NXT",2385,678931,"NXT"
"J6_B003776_NXT",862,105884,"NXT"
"J7_B003776_NXT",3600,1465834,"NXT"
"J8_B003776_NXT",2945,1286616,"NXT"
"J9_B003776_NXT",333,29653,"NXT"
"K10_B003776_NXT",534,65861,"NXT"
"K11_B003776_NXT",3596,244890,"NXT"
"K12_B003776_NXT",4607,637733,"NXT"
"K13_B003776_NXT",4561,869178,"NXT"
"K14_B003776_NXT",5103,1462792,"NXT"
"K15_B003776_NXT",6503,1435191,"NXT"
"K16_B003776_NXT",1080,84161,"NXT"
"K17_B003776_NXT",4371,597250,"NXT"
"K18_B003776_NXT",2760,660574,"NXT"
"K19_B003776_NXT",21,21851,"NXT"
"K1_B003776_NXT",2692,4125530,"NXT"
"K20_B003776_NXT",6249,1183992,"NXT"
"K21_B003776_NXT",759,1612,"NXT"
"K22_B003776_NXT",5956,1347696,"NXT"
"K2_B003776_NXT",2617,923052,"NXT"
"K3_B003776_NXT",668,113034,"NXT"
"K4_B003776_NXT",5034,1417699,"NXT"
"K5_B003776_NXT",4672,487257,"NXT"
"K6_B003776_NXT",24,30479,"NXT"
"K7_B003776_NXT",2979,1171338,"NXT"
"K8_B003776_NXT",4540,2202898,"NXT"
"K9_B003776_NXT",3981,2251988,"NXT"
"L10_B003776_NXT",1418,131601,"NXT"
"L11_B003776_NXT",3940,835213,"NXT"
"L12_B003776_NXT",3119,1906581,"NXT"
"L13_B003776_NXT",6665,1969426,"NXT"
"L14_B003776_NXT",4118,546987,"NXT"
"L15_B003776_NXT",4752,601071,"NXT"
"L16_B003776_NXT",2363,10691,"NXT"
"L17_B003776_NXT",5810,631494,"NXT"
"L18_B003776_NXT",59,23443,"NXT"
"L19_B003776_NXT",262,3175,"NXT"
"L1_B003776_NXT",2788,872250,"NXT"
"L20_B003776_NXT",3654,486350,"NXT"
"L21_B003776_NXT",4402,698537,"NXT"
"L22_B003776_NXT",5344,978774,"NXT"
"L2_B003776_NXT",4524,1005774,"NXT"
"L3_B003776_NXT",352,26603,"NXT"
"L4_B003776_NXT",514,53219,"NXT"
"L5_B003776_NXT",4994,1314903,"NXT"
"L6_B003776_NXT",3777,1226664,"NXT"
"L7_B003776_NXT",418,64272,"NXT"
"L8_B003776_NXT",3342,1154071,"NXT"
"L9_B003776_NXT",1998,227612,"NXT"
"M10_B003776_NXT",2609,282503,"NXT"
"M11_B003776_NXT",1599,313176,"NXT"
"M12_B003776_NXT",258,46184,"NXT"
"M13_B003776_NXT",5355,1050287,"NXT"
"M14_B003776_NXT",3173,340189,"NXT"
"M15_B003776_NXT",5979,1094463,"NXT"
"M16_B003776_NXT",3140,287404,"NXT"
"M17_B003776_NXT",865,96952,"NXT"
"M18_B003776_NXT",405,47163,"NXT"
"M19_B003776_NXT",6073,1602096,"NXT"
"M1_B003776_NXT",3455,2274989,"NXT"
"M20_B003776_NXT",5,20,"NXT"
"M21_B003776_NXT",2018,13304,"NXT"
"M22_B003776_NXT",6608,1822192,"NXT"
"M2_B003776_NXT",1975,586467,"NXT"
"M3_B003776_NXT",565,79939,"NXT"
"M4_B003776_NXT",3021,1369012,"NXT"
"M5_B003776_NXT",4907,1816348,"NXT"
"M6_B003776_NXT",3452,670537,"NXT"
"M7_B003776_NXT",1786,868732,"NXT"
"M8_B003776_NXT",858,204827,"NXT"
"M9_B003776_NXT",346,44077,"NXT"
"N10_B003776_NXT",4202,994276,"NXT"
"N11_B003776_NXT",3465,643893,"NXT"
"N12_B003776_NXT",4444,1800884,"NXT"
"N13_B003776_NXT",1853,131357,"NXT"
"N14_B003776_NXT",7838,2819506,"NXT"
"N15_B003776_NXT",298,66908,"NXT"
"N16_B003776_NXT",7764,2433604,"NXT"
"N17_B003776_NXT",5529,2172180,"NXT"
"N18_B003776_NXT",5651,998546,"NXT"
"N19_B003776_NXT",5953,1803866,"NXT"
"N1_B003776_NXT",23,78168,"NXT"
"N20_B003776_NXT",5099,1297424,"NXT"
"N21_B003776_NXT",5197,633322,"NXT"
"N22_B003776_NXT",4625,793358,"NXT"
"N2_B003776_NXT",471,129468,"NXT"
"N3_B003776_NXT",1830,665167,"NXT"
"N4_B003776_NXT",3393,1096923,"NXT"
"N5_B003776_NXT",1807,549831,"NXT"
"N6_B003776_NXT",396,59632,"NXT"
"N7_B003776_NXT",315,54295,"NXT"
"N8_B003776_NXT",1916,1022641,"NXT"
"N9_B003776_NXT",2335,452239,"NXT"
"O10_B003776_NXT",3362,1467853,"NXT"
"O11_B003776_NXT",5384,1083806,"NXT"
"O12_B003776_NXT",4489,1144719,"NXT"
"O13_B003776_NXT",5496,1995283,"NXT"
"O14_B003776_NXT",2681,116942,"NXT"
"O15_B003776_NXT",6503,1417306,"NXT"
"O16_B003776_NXT",6178,1142748,"NXT"
"O17_B003776_NXT",3888,767230,"NXT"
"O18_B003776_NXT",2685,506299,"NXT"
"O19_B003776_NXT",3341,266987,"NXT"
"O1_B003776_NXT",3142,525948,"NXT"
"O20_B003776_NXT",163,49283,"NXT"
"O21_B003776_NXT",3984,578944,"NXT"
"O22_B003776_NXT",6724,2160688,"NXT"
"O2_B003776_NXT",3896,1651340,"NXT"
"O3_B003776_NXT",875,373125,"NXT"
"O4_B003776_NXT",5044,4264412,"NXT"
"O5_B003776_NXT",3860,1143574,"NXT"
"O6_B003776_NXT",5347,1073810,"NXT"
"O7_B003776_NXT",2623,57639,"NXT"
"O8_B003776_NXT",452,95551,"NXT"
"O9_B003776_NXT",1446,321382,"NXT"
"P10_B003776_NXT",2743,1068343,"NXT"
"P11_B003776_NXT",559,35746,"NXT"
"P12_B003776_NXT",7778,2614870,"NXT"
"P13_B003776_NXT",4447,1962826,"NXT"
"P14_B003776_NXT",3402,865728,"NXT"
"P15_B003776_NXT",6808,2210290,"NXT"
"P16_B003776_NXT",6117,2322658,"NXT"
"P17_B003776_NXT",5831,1807618,"NXT"
"P18_B003776_NXT",16,77047,"NXT"
"P19_B003776_NXT",2473,511880,"NXT"
"P1_B003776_NXT",2465,690588,"NXT"
"P20_B003776_NXT",7079,2812899,"NXT"
"P21_B003776_NXT",6107,2914020,"NXT"
"P22_B003776_NXT",5555,2407031,"NXT"
"P2_B003776_NXT",3632,1546224,"NXT"
"P3_B003776_NXT",2520,987556,"NXT"
"P4_B003776_NXT",505,71419,"NXT"
"P5_B003776_NXT",2972,1275870,"NXT"
"P6_B003776_NXT",18,28461,"NXT"
"P7_B003776_NXT",501,98706,"NXT"
"P8_B003776_NXT",443,85926,"NXT"
"P9_B003776_NXT",453,105410,"NXT"
